{"optimizer": "RMSprop", "rlct_estimate": 1951.5111145019532, "_timestamp": 1706980633.904194, "_runtime": 190.31399011611938, "_step": 1, "_wandb": {"runtime": 189}}