{"optimizer": "RMSprop", "rlct_estimate": 1183.9473510742187, "_timestamp": 1706980690.9826958, "_runtime": 43.252357721328735, "_step": 1, "_wandb": {"runtime": 42}}