{"optimizer": "RMSprop", "rlct_estimate": 163595.840625, "_timestamp": 1706982687.3931818, "_runtime": 355.716778755188, "_step": 1, "_wandb": {"runtime": 355}}