{"optimizer": "Adam", "rlct_estimate": 265.4661666870117, "_timestamp": 1706991106.5002458, "_runtime": 71.57283687591553, "_step": 0, "_wandb": {"runtime": 69}}