{"optimizer": "Adam", "rlct_estimate": -201.29953002929688, "_timestamp": 1706989604.9105635, "_runtime": 120.13976740837097, "_step": 0, "_wandb": {"runtime": 119}}