{"optimizer": "RMSprop", "rlct_estimate": 7738.2591796875, "_timestamp": 1706982732.5084312, "_runtime": 37.20151710510254, "_step": 1, "_wandb": {"runtime": 35}}