{"optimizer": "RMSprop", "rlct_estimate": 191.69128303527833, "_timestamp": 1706983227.9681957, "_runtime": 483.5768687725067, "_step": 1, "_wandb": {"runtime": 482}}