{"optimizer": "Adam", "rlct_estimate": 3167.24091796875, "_timestamp": 1706990612.226738, "_runtime": 267.7617828845978, "_step": 0, "_wandb": {"runtime": 266}}