{"optimizer": "Adam", "rlct_estimate": 2592.24443359375, "_timestamp": 1706991026.9191725, "_runtime": 38.48180651664734, "_step": 0, "_wandb": {"runtime": 38}}