{"optimizer": "RMSprop", "rlct_estimate": NaN, "_timestamp": 1706981772.0271993, "_runtime": 79.9442253112793, "_step": 1, "_wandb": {"runtime": 79}}