{"optimizer": "Adam", "rlct_estimate": 89.34197998046875, "_timestamp": 1706990980.0017796, "_runtime": 213.46803045272827, "_step": 0, "_wandb": {"runtime": 212}}