{"optimizer": "RMSprop", "rlct_estimate": 53744.02109375, "_timestamp": 1706982204.6665173, "_runtime": 424.8564713001251, "_step": 1, "_wandb": {"runtime": 424}}