{"optimizer": "Adam", "rlct_estimate": NaN, "_timestamp": 1706990104.4661338, "_runtime": 88.02129173278809, "_step": 0, "_wandb": {"runtime": 87}}