{"optimizer": "Adam", "rlct_estimate": 9228.2306640625, "_timestamp": 1706990758.6676316, "_runtime": 138.3629505634308, "_step": 0, "_wandb": {"runtime": 137}}