{"optimizer": "Adam", "rlct_estimate": NaN, "_timestamp": 1706991169.8390412, "_runtime": 42.77868127822876, "_step": 0, "_wandb": {"runtime": 42}}