{"optimizer": "Adam", "rlct_estimate": 704203.2375, "_timestamp": 1706989698.247759, "_runtime": 83.32471919059753, "_step": 0, "_wandb": {"runtime": 82}}