{"Training loss for each optimiser": {"SGD": [0.31800098858598963, 0.31772376546886427], "Adam": [0.3162250712926962, 0.3132341318865066], "RMSprop": [0.307643023698823, 0.2970128558210727]}, "_timestamp": 1706824675.5904646, "_runtime": 2198.106277704239, "_step": 2, "Testing loss for each optimiser": {"SGD": [0.3043587326434008, 0.30425913487175466], "Adam": [0.30020745879240857, 0.29787213699358284], "RMSprop": [0.29012036537099034, 0.27966815614064405]}, "rlct for optimizers_table": {"_type": "table-file", "sha256": "c053c11445b03f9f4e7948224c05a3f9fab35d214e99da4236820f093a47ce1e", "size": 136, "artifact_path": "wandb-client-artifact://8j022ihqnbj7i2xz3dgmuuygopjyy3gha8ovwydhap7ggiqcjq2pghc9h2tum5bn4majxknpw5rje746m79z4pa5au4hytf99j7qdyoejz4zhg3r6and2z52p0p158tm:latest/rlct for optimizers_table.table.json", "_latest_artifact_path": "wandb-client-artifact://8j022ihqnbj7i2xz3dgmuuygopjyy3gha8ovwydhap7ggiqcjq2pghc9h2tum5bn4majxknpw5rje746m79z4pa5au4hytf99j7qdyoejz4zhg3r6and2z52p0p158tm:latest/rlct for optimizers_table.table.json", "path": "media/table/rlct for optimizers_table_2_c053c11445b03f9f4e79.table.json", "ncols": 2, "nrows": 3}, "_wandb": {"runtime": 511}}