{"optimizer": "Adam", "rlct_estimate": NaN, "_timestamp": 1706990005.8476913, "_runtime": 297.32806038856506, "_step": 0, "_wandb": {"runtime": 296}}