{"optimizer": "RMSprop", "rlct_estimate": 352.4171028137207, "_timestamp": 1706981060.2256937, "_runtime": 360.0126757621765, "_step": 1, "_wandb": {"runtime": 359}}