{"optimizer": "RMSprop", "rlct_estimate": -1.015570068359375, "_timestamp": 1706981681.9176366, "_runtime": 190.50947260856628, "_step": 1, "_wandb": {"runtime": 189}}