{"optimizer": "Adam", "rlct_estimate": 989.0422729492187, "_timestamp": 1706990336.055298, "_runtime": 224.85355305671692, "_step": 0, "_wandb": {"runtime": 224}}