{"optimizer": "RMSprop", "rlct_estimate": NaN, "_timestamp": 1706981482.2304661, "_runtime": 413.7781391143799, "_step": 1, "_wandb": {"runtime": 413}}